vendor_name,total_sales
Vendor_8,877931.7800000001
Vendor_1,862555.1600000001
Vendor_4,735881.1
Vendor_14,666320.2000000001
Vendor_5,612135.9199999998
