product_name,total_revenue
Product_1127,172803.91999999998
Product_1208,148640.66
Product_1084,143515.12
Product_1072,136925.13999999998
Product_1024,135460.7
